"Date","Price","Open","High","Low","Vol.","Change %"
"Jan 18, 2019","24,706.35","24,534.19","24,750.22","24,459.03","372.97M","1.38%"
"Jan 17, 2019","24,370.10","24,147.09","24,474.46","24,088.90","288.59M","0.67%"
"Jan 16, 2019","24,207.16","24,139.91","24,288.61","24,119.72","302.83M","0.59%"
"Jan 15, 2019","24,065.59","23,914.11","24,099.14","23,887.93","291.57M","0.65%"
"Jan 14, 2019","23,909.84","23,880.53","23,964.90","23,765.24","277.56M","-0.36%"
"Jan 11, 2019","23,995.95","23,940.01","23,996.32","23,798.16","262.65M","-0.02%"
"Jan 10, 2019","24,001.92","23,811.11","24,014.78","23,703.25","338.15M","0.51%"
"Jan 09, 2019","23,879.12","23,844.27","23,985.45","23,776.56","324.57M","0.39%"
"Jan 08, 2019","23,787.45","23,680.32","23,864.65","23,581.45","317.42M","1.09%"
"Jan 07, 2019","23,531.35","23,474.26","23,687.74","23,301.59","334.20M","0.42%"
"Jan 04, 2019","23,433.16","22,894.92","23,518.64","22,894.92","396.02M","3.29%"
"Jan 03, 2019","22,686.22","23,176.39","23,176.39","22,638.41","424.24M","-2.83%"
"Jan 02, 2019","23,346.24","23,058.61","23,413.47","22,928.59","321.57M","0.08%"
"Dec 31, 2018","23,327.46","23,153.94","23,333.18","23,118.30","288.83M","1.15%"
"Dec 28, 2018","23,062.40","23,213.61","23,381.88","22,981.33","336.51M","-0.33%"
"Dec 27, 2018","23,138.82","22,629.06","23,138.89","22,267.42","407.94M","1.14%"
"Dec 26, 2018","22,878.45","21,857.73","22,878.92","21,712.53","433.08M","4.98%"
"Dec 24, 2018","21,792.20","22,317.28","22,339.87","21,792.20","308.42M","-2.91%"
"Dec 21, 2018","22,445.37","22,871.74","23,254.59","22,396.34","900.51M","-1.81%"
"Dec 20, 2018","22,859.60","23,224.12","23,282.20","22,644.31","576.70M","-1.99%"
"Dec 19, 2018","23,323.66","23,693.33","24,057.34","23,162.64","503.55M","-1.49%"
"Dec 18, 2018","23,675.64","23,769.13","23,927.77","23,516.02","408.07M","0.35%"
"Dec 17, 2018","23,592.98","23,986.83","24,088.08","23,456.88","466.74M","-2.11%"
"Dec 14, 2018","24,100.51","24,408.04","24,431.14","24,033.79","416.94M","-2.02%"
"Dec 13, 2018","24,597.38","24,575.86","24,740.96","24,473.29","299.97M","0.29%"
"Dec 12, 2018","24,527.27","24,509.09","24,828.29","24,509.09","344.33M","0.64%"
"Dec 11, 2018","24,370.24","24,719.91","24,791.26","24,221.06","342.96M","-0.22%"
"Dec 10, 2018","24,423.26","24,360.95","24,500.81","23,881.37","389.69M","0.14%"
"Dec 07, 2018","24,388.95","24,918.82","25,095.62","24,284.78","398.23M","-2.24%"
"Dec 06, 2018","24,947.67","24,737.42","24,951.01","24,242.22","471.69M","-0.32%"
"Dec 04, 2018","25,027.07","25,752.56","25,773.12","25,008.11","418.90M","-3.10%"
"Dec 03, 2018","25,826.43","25,779.57","25,980.21","25,670.51","388.48M","1.13%"
"Nov 30, 2018","25,538.46","25,307.14","25,549.71","25,250.97","482.25M","0.79%"
"Nov 29, 2018","25,338.84","25,343.65","25,479.04","25,202.79","305.11M","-0.11%"
"Nov 28, 2018","25,366.43","24,832.84","25,368.93","24,832.84","362.16M","2.50%"
"Nov 27, 2018","24,748.73","24,557.02","24,750.73","24,416.03","308.25M","0.44%"
"Nov 26, 2018","24,640.24","24,364.13","24,673.29","24,364.13","306.28M","1.46%"
"Nov 23, 2018","24,285.95","24,336.40","24,408.80","24,268.74","155.94M","-0.73%"
"Nov 21, 2018","24,464.69","24,541.65","24,669.79","24,463.28","289.37M","-0.00%"
"Nov 20, 2018","24,465.64","24,618.68","24,707.26","24,368.98","445.92M","-2.21%"
"Nov 19, 2018","25,017.44","25,392.61","25,392.61","24,900.98","358.09M","-1.56%"
"Nov 16, 2018","25,413.22","25,242.35","25,510.23","25,147.80","354.46M","0.49%"
"Nov 15, 2018","25,289.27","25,061.48","25,354.56","24,787.79","392.75M","0.83%"
"Nov 14, 2018","25,080.50","25,388.08","25,501.29","24,935.82","384.24M","-0.81%"
"Nov 13, 2018","25,286.49","25,321.21","25,511.03","25,193.78","339.69M","-0.40%"
"Nov 12, 2018","25,387.18","25,959.33","25,966.71","25,340.51","346.91M","-2.32%"
"Nov 09, 2018","25,989.30","26,149.11","26,161.49","25,882.91","324.45M","-0.77%"
"Nov 08, 2018","26,191.22","26,139.59","26,277.82","26,081.90","295.65M","0.04%"
"Nov 07, 2018","26,180.30","25,788.46","26,200.14","25,765.88","361.78M","2.13%"
"Nov 06, 2018","25,635.01","25,452.83","25,651.86","25,444.90","265.45M","0.68%"
"Nov 05, 2018","25,461.70","25,261.47","25,507.35","25,261.47","334.74M","0.76%"
"Nov 02, 2018","25,270.83","25,443.60","25,578.98","25,078.72","429.48M","-0.43%"
"Nov 01, 2018","25,380.74","25,142.08","25,396.47","25,108.11","383.97M","1.06%"
"Oct 31, 2018","25,115.76","25,008.82","25,336.55","25,008.82","448.93M","0.97%"
"Oct 30, 2018","24,874.64","24,482.04","24,906.68","24,415.69","470.05M","1.77%"
"Oct 29, 2018","24,442.92","24,818.98","25,040.58","24,122.23","443.85M","-0.99%"
"Oct 26, 2018","24,688.31","24,770.25","24,916.16","24,445.19","505.31M","-1.19%"
"Oct 25, 2018","24,984.55","24,736.54","25,104.29","24,645.56","439.67M","1.63%"
"Oct 24, 2018","24,583.42","25,172.88","25,306.23","24,533.19","496.40M","-2.41%"
"Oct 23, 2018","25,191.43","25,038.46","25,307.70","24,768.79","436.43M","-0.50%"
"Oct 22, 2018","25,317.41","25,492.14","25,561.34","25,236.05","314.94M","-0.50%"
"Oct 19, 2018","25,444.34","25,421.09","25,608.71","25,350.02","350.81M","0.26%"
"Oct 18, 2018","25,379.45","25,645.56","25,691.46","25,236.01","328.02M","-1.27%"
"Oct 17, 2018","25,706.68","25,705.87","25,810.09","25,479.16","298.21M","-0.36%"
"Oct 16, 2018","25,798.42","25,351.53","25,817.68","25,351.53","305.80M","2.17%"
"Oct 15, 2018","25,250.55","25,332.46","25,482.42","25,243.88","287.32M","-0.35%"
"Oct 12, 2018","25,339.99","25,407.63","25,467.55","25,000.83","397.51M","1.15%"
"Oct 11, 2018","25,052.83","25,518.39","25,683.64","24,899.77","522.88M","-2.13%"
"Oct 10, 2018","25,598.74","26,441.73","26,441.73","25,593.65","438.20M","-3.15%"
"Oct 09, 2018","26,430.57","26,469.19","26,539.94","26,324.16","282.56M","-0.21%"
"Oct 08, 2018","26,486.78","26,399.45","26,529.35","26,223.09","273.02M","0.15%"
"Oct 05, 2018","26,447.05","26,632.77","26,676.16","26,301.81","267.10M","-0.68%"
"Oct 04, 2018","26,627.48","26,784.08","26,793.82","26,471.61","289.60M","-0.75%"
"Oct 03, 2018","26,828.39","26,833.47","26,951.81","26,789.08","280.13M","0.20%"
"Oct 02, 2018","26,773.94","26,648.91","26,824.78","26,627.66","258.29M","0.46%"
"Oct 01, 2018","26,651.21","26,598.36","26,737.98","26,596.05","238.32M","0.73%"
"Sep 28, 2018","26,458.31","26,407.66","26,515.76","26,383.57","264.03M","0.07%"
"Sep 27, 2018","26,439.93","26,418.27","26,557.01","26,379.95","226.35M","0.21%"
"Sep 26, 2018","26,385.28","26,536.86","26,606.09","26,349.34","262.62M","-0.40%"
"Sep 25, 2018","26,492.21","26,601.58","26,634.85","26,475.58","234.12M","-0.26%"
"Sep 24, 2018","26,562.05","26,705.25","26,709.94","26,548.68","254.85M","-0.68%"
"Sep 21, 2018","26,743.50","26,726.25","26,769.16","26,680.37","657.62M","0.32%"
"Sep 20, 2018","26,656.98","26,519.39","26,697.49","26,519.39","260.48M","0.95%"
"Sep 19, 2018","26,405.76","26,287.84","26,464.41","26,280.76","251.33M","0.61%"
"Sep 18, 2018","26,246.96","26,076.21","26,317.34","26,076.21","243.00M","0.71%"
"Sep 17, 2018","26,062.12","26,151.66","26,184.47","26,030.35","230.23M","-0.35%"
"Sep 14, 2018","26,154.67","26,169.56","26,211.11","26,068.29","228.64M","0.03%"
"Sep 13, 2018","26,145.99","26,083.94","26,191.64","26,067.08","260.80M","0.57%"
"Sep 12, 2018","25,998.92","25,989.07","26,145.72","25,929.43","282.77M","0.11%"
"Sep 11, 2018","25,971.06","25,841.14","26,019.92","25,754.32","265.96M","0.44%"
"Sep 10, 2018","25,857.07","25,991.91","26,039.96","25,854.13","252.17M","-0.23%"
"Sep 07, 2018","25,916.54","25,951.02","26,002.99","25,818.39","281.34M","-0.31%"
"Sep 06, 2018","25,995.87","25,973.02","26,073.68","25,880.84","262.38M","0.08%"
"Sep 05, 2018","25,974.99","25,919.84","26,011.22","25,871.04","289.21M","0.09%"
"Sep 04, 2018","25,952.48","25,916.07","25,971.77","25,805.95","254.60M","-0.05%"
"Aug 31, 2018","25,964.82","25,964.85","26,028.83","25,879.77","273.44M","-0.09%"
"Aug 30, 2018","25,986.92","26,099.01","26,104.37","25,934.80","240.44M","-0.53%"
"Aug 29, 2018","26,124.57","26,082.53","26,167.94","26,035.30","214.96M","0.23%"
"Aug 28, 2018","26,064.02","26,092.70","26,122.24","26,037.85","211.47M","0.06%"
"Aug 27, 2018","26,049.64","25,882.71","26,067.57","25,882.71","220.51M","1.01%"
"Aug 24, 2018","25,790.35","25,688.58","25,826.05","25,688.58","200.32M","0.52%"
"Aug 23, 2018","25,656.98","25,714.86","25,762.56","25,608.02","213.27M","-0.30%"
"Aug 22, 2018","25,733.60","25,825.06","25,836.16","25,722.43","200.48M","-0.34%"
"Aug 21, 2018","25,822.29","25,786.99","25,888.82","25,784.90","241.62M","0.25%"
"Aug 20, 2018","25,758.69","25,727.70","25,790.17","25,716.41","248.57M","0.35%"
"Aug 17, 2018","25,669.32","25,550.80","25,728.16","25,521.66","284.16M","0.43%"
"Aug 16, 2018","25,558.73","25,294.97","25,607.34","25,294.97","342.44M","1.58%"
"Aug 15, 2018","25,162.41","25,235.37","25,235.37","24,965.77","295.81M","-0.54%"
"Aug 14, 2018","25,299.92","25,215.69","25,339.51","25,201.87","219.21M","0.45%"
"Aug 13, 2018","25,187.70","25,327.19","25,381.39","25,153.93","219.99M","-0.50%"
"Aug 10, 2018","25,313.14","25,401.19","25,401.19","25,222.88","234.48M","-0.77%"
"Aug 09, 2018","25,509.23","25,589.79","25,613.31","25,492.69","214.97M","-0.29%"
"Aug 08, 2018","25,583.75","25,615.72","25,634.11","25,557.48","217.77M","-0.18%"
"Aug 07, 2018","25,628.91","25,551.65","25,692.72","25,551.65","239.91M","0.50%"
"Aug 06, 2018","25,502.18","25,437.43","25,540.02","25,381.38","238.99M","0.16%"
"Aug 03, 2018","25,462.58","25,360.37","25,467.90","25,325.17","239.02M","0.54%"
"Aug 02, 2018","25,326.16","25,256.45","25,360.48","25,120.07","307.70M","-0.03%"
"Aug 01, 2018","25,333.82","25,461.63","25,488.80","25,278.32","315.88M","-0.32%"
"Jul 31, 2018","25,415.19","25,345.21","25,490.98","25,345.21","348.70M","0.43%"
"Jul 30, 2018","25,306.83","25,439.32","25,500.16","25,287.38","296.88M","-0.57%"
"Jul 27, 2018","25,451.06","25,520.52","25,580.22","25,370.07","329.68M","-0.30%"
"Jul 26, 2018","25,527.07","25,468.55","25,587.24","25,463.16","297.53M","0.44%"
"Jul 25, 2018","25,414.10","25,183.70","25,432.87","25,113.55","273.67M","0.68%"
"Jul 24, 2018","25,241.94","25,092.43","25,286.62","25,092.43","274.94M","0.79%"
"Jul 23, 2018","25,044.29","25,036.90","25,081.45","24,983.33","228.82M","-0.06%"
"Jul 20, 2018","25,058.12","25,041.14","25,124.10","24,986.35","274.08M","-0.03%"
"Jul 19, 2018","25,064.50","25,139.15","25,154.17","25,052.62","285.76M","-0.53%"
"Jul 18, 2018","25,199.29","25,133.79","25,215.32","25,101.12","252.87M","0.32%"
"Jul 17, 2018","25,119.89","25,033.92","25,155.39","24,989.61","250.44M","0.22%"
"Jul 16, 2018","25,064.36","25,025.58","25,072.41","24,979.64","231.27M","0.18%"
"Jul 13, 2018","25,019.41","24,926.07","25,043.21","24,890.06","255.52M","0.38%"
"Jul 12, 2018","24,924.89","24,802.90","24,939.97","24,802.90","233.16M","0.91%"
"Jul 11, 2018","24,700.45","24,789.48","24,815.16","24,663.82","237.37M","-0.88%"
"Jul 10, 2018","24,919.66","24,806.97","24,945.38","24,806.97","235.04M","0.58%"
"Jul 09, 2018","24,776.59","24,519.20","24,796.52","24,518.43","240.58M","1.31%"
"Jul 06, 2018","24,456.48","24,352.47","24,520.29","24,281.47","219.45M","0.41%"
"Jul 05, 2018","24,356.74","24,285.82","24,372.80","24,177.44","237.67M","0.75%"
"Jul 03, 2018","24,174.82","24,359.39","24,444.88","24,150.85","160.96M","-0.54%"
"Jul 02, 2018","24,307.18","24,161.53","24,319.42","24,077.56","244.11M","0.15%"
"Jun 29, 2018","24,271.41","24,323.93","24,509.52","24,269.71","329.07M","0.23%"
"Jun 28, 2018","24,216.05","24,064.19","24,308.16","23,997.21","305.02M","0.41%"
"Jun 27, 2018","24,117.59","24,303.11","24,569.02","24,115.82","313.79M","-0.68%"
"Jun 26, 2018","24,283.11","24,281.89","24,384.21","24,241.22","301.13M","0.12%"
"Jun 25, 2018","24,252.80","24,463.73","24,463.73","24,084.39","439.13M","-1.33%"
"Jun 22, 2018","24,580.89","24,526.97","24,663.18","24,526.97","473.96M","0.49%"
"Jun 21, 2018","24,461.70","24,639.21","24,639.21","24,406.63","349.57M","-0.80%"
"Jun 20, 2018","24,657.80","24,771.17","24,804.76","24,628.39","359.52M","-0.17%"
"Jun 19, 2018","24,700.21","24,763.59","24,763.59","24,567.75","376.38M","-1.15%"
"Jun 18, 2018","24,987.47","24,944.28","25,003.10","24,825.77","337.07M","-0.41%"
"Jun 15, 2018","25,090.48","25,116.71","25,130.82","24,894.38","659.37M","-0.34%"
"Jun 14, 2018","25,175.31","25,254.65","25,332.50","25,138.60","341.17M","-0.10%"
"Jun 13, 2018","25,201.20","25,328.65","25,362.07","25,191.42","329.70M","-0.47%"
"Jun 12, 2018","25,320.73","25,346.82","25,364.37","25,247.04","265.75M","-0.01%"
"Jun 11, 2018","25,322.31","25,336.67","25,402.83","25,290.20","276.74M","0.02%"
"Jun 08, 2018","25,316.53","25,209.29","25,325.63","25,165.70","317.51M","0.30%"
"Jun 07, 2018","25,241.41","25,192.14","25,326.09","25,164.48","357.68M","0.38%"
"Jun 06, 2018","25,146.39","24,854.14","25,146.46","24,854.14","316.09M","1.40%"
"Jun 05, 2018","24,799.98","24,820.12","24,838.78","24,710.82","306.34M","-0.06%"
"Jun 04, 2018","24,813.69","24,727.55","24,859.37","24,722.14","340.40M","0.72%"
"Jun 01, 2018","24,635.21","24,542.09","24,673.60","24,542.09","315.71M","0.90%"
"May 31, 2018","24,415.84","24,620.79","24,620.79","24,352.15","429.74M","-1.02%"
"May 30, 2018","24,667.78","24,467.83","24,714.48","24,459.09","324.87M","1.26%"
"May 29, 2018","24,361.45","24,606.59","24,635.18","24,247.84","395.81M","-1.58%"
"May 25, 2018","24,753.09","24,781.29","24,824.22","24,687.81","257.21M","-0.24%"
"May 24, 2018","24,811.76","24,877.36","24,877.36","24,605.90","347.05M","-0.30%"
"May 23, 2018","24,886.81","24,757.71","24,889.46","24,667.12","399.61M","0.21%"
"May 22, 2018","24,834.41","25,047.55","25,064.99","24,812.06","288.20M","-0.72%"
"May 21, 2018","25,013.29","24,883.06","25,086.49","24,883.06","308.92M","1.21%"
"May 18, 2018","24,715.09","24,707.72","24,774.97","24,664.87","269.70M","0.00%"
"May 17, 2018","24,713.98","24,752.40","24,839.49","24,639.40","314.65M","-0.22%"
"May 16, 2018","24,768.93","24,722.32","24,801.19","24,672.79","280.81M","0.25%"
"May 15, 2018","24,706.41","24,809.55","24,809.55","24,629.39","301.90M","-0.78%"
"May 14, 2018","24,899.41","24,879.37","24,994.19","24,862.52","282.86M","0.27%"
"May 11, 2018","24,831.17","24,758.64","24,868.65","24,717.50","274.15M","0.37%"
"May 10, 2018","24,739.53","24,591.66","24,794.99","24,575.91","304.21M","0.80%"
"May 09, 2018","24,542.54","24,399.18","24,586.48","24,323.87","361.58M","0.75%"
"May 08, 2018","24,360.21","24,341.35","24,412.34","24,198.34","344.94M","0.01%"
"May 07, 2018","24,357.32","24,317.66","24,479.45","24,263.42","307.67M","0.39%"
"May 04, 2018","24,262.51","23,865.22","24,333.35","23,778.87","329.48M","1.39%"
"May 03, 2018","23,930.15","23,836.23","23,996.15","23,531.31","389.24M","0.02%"
"May 02, 2018","23,924.98","24,097.63","24,185.52","23,886.30","385.35M","-0.72%"
"May 01, 2018","24,099.05","24,117.29","24,117.29","23,808.19","380.07M","-0.27%"
"Apr 30, 2018","24,163.15","24,410.41","24,498.23","24,163.08","416.65M","-0.61%"
"Apr 27, 2018","24,311.19","24,342.14","24,359.38","24,194.45","392.81M","-0.05%"
"Apr 26, 2018","24,322.34","24,128.72","24,402.46","24,128.72","390.36M","0.99%"
"Apr 25, 2018","24,083.83","24,070.20","24,146.34","23,823.08","437.10M","0.25%"
"Apr 24, 2018","24,024.13","24,579.94","24,579.94","23,828.73","468.18M","-1.74%"
"Apr 23, 2018","24,448.69","24,488.07","24,536.89","24,328.54","351.04M","-0.06%"
"Apr 20, 2018","24,462.94","24,657.39","24,678.07","24,375.04","537.77M","-0.82%"
"Apr 19, 2018","24,664.89","24,711.30","24,762.48","24,557.03","381.12M","-0.34%"
"Apr 18, 2018","24,748.07","24,820.85","24,832.54","24,721.09","302.03M","-0.16%"
"Apr 17, 2018","24,786.63","24,681.79","24,858.97","24,681.79","342.41M","0.87%"
"Apr 16, 2018","24,573.04","24,483.15","24,675.36","24,480.20","305.07M","0.87%"
"Apr 13, 2018","24,360.14","24,582.82","24,646.45","24,243.74","331.89M","-0.50%"
"Apr 12, 2018","24,483.05","24,302.82","24,592.12","24,302.82","336.13M","1.21%"
"Apr 11, 2018","24,189.45","24,274.19","24,366.57","24,150.87","286.36M","-0.90%"
"Apr 10, 2018","24,408.00","24,198.95","24,511.35","24,198.95","368.59M","1.79%"
"Apr 09, 2018","23,979.10","24,037.52","24,373.18","23,954.83","380.79M","0.19%"
"Apr 06, 2018","23,932.76","24,373.60","24,434.40","23,738.20","395.98M","-2.34%"
"Apr 05, 2018","24,505.22","24,313.91","24,622.26","24,313.91","347.79M","0.99%"
"Apr 04, 2018","24,264.30","23,654.15","24,308.96","23,523.16","388.54M","0.96%"
"Apr 03, 2018","24,033.36","23,698.33","24,044.35","23,664.33","394.13M","1.65%"
"Apr 02, 2018","23,644.19","24,076.60","24,123.80","23,344.52","509.82M","-1.90%"
"Mar 29, 2018","24,103.11","23,949.18","24,314.30","23,928.13","463.55M","1.07%"
"Mar 28, 2018","23,848.42","23,883.08","24,092.47","23,728.67","530.04M","-0.04%"
"Mar 27, 2018","23,857.71","24,276.62","24,446.22","23,708.73","524.48M","-1.43%"
"Mar 26, 2018","24,202.60","23,825.74","24,232.30","23,741.22","479.54M","2.84%"
"Mar 23, 2018","23,533.20","23,995.18","24,108.47","23,509.06","482.55M","-1.77%"
"Mar 22, 2018","23,957.89","24,526.01","24,526.01","23,938.74","439.28M","-2.93%"
"Mar 21, 2018","24,682.31","24,723.49","24,977.65","24,655.40","343.23M","-0.18%"
"Mar 20, 2018","24,727.27","24,650.64","24,803.61","24,650.64","342.51M","0.47%"
"Mar 19, 2018","24,610.91","24,893.69","24,893.69","24,453.14","377.99M","-1.35%"
"Mar 16, 2018","24,946.51","24,877.34","25,031.00","24,857.09","654.24M","0.29%"
"Mar 15, 2018","24,873.66","24,837.29","25,053.87","24,753.29","316.31M","0.47%"
"Mar 14, 2018","24,758.12","25,086.97","25,130.12","24,668.83","356.83M","-1.00%"
"Mar 13, 2018","25,007.03","25,257.75","25,376.40","24,947.50","447.88M","-0.68%"
"Mar 12, 2018","25,178.61","25,372.44","25,449.15","25,152.02","362.58M","-0.62%"
"Mar 09, 2018","25,335.74","25,004.89","25,336.33","25,004.89","371.57M","1.77%"
"Mar 08, 2018","24,895.21","24,853.41","24,950.49","24,703.05","327.30M","0.38%"
"Mar 07, 2018","24,801.36","24,758.15","24,849.68","24,535.12","394.07M","-0.33%"
"Mar 06, 2018","24,884.12","24,965.89","24,995.24","24,708.41","331.77M","0.04%"
"Mar 05, 2018","24,874.76","24,471.31","24,961.00","24,387.15","383.91M","1.37%"
"Mar 02, 2018","24,538.06","24,394.91","24,592.46","24,217.76","437.13M","-0.29%"
"Mar 01, 2018","24,608.98","25,024.04","25,185.35","24,442.56","506.28M","-1.68%"
"Feb 28, 2018","25,029.20","25,485.15","25,576.15","25,022.42","451.87M","-1.50%"
"Feb 27, 2018","25,410.03","25,735.78","25,800.35","25,407.83","438.39M","-1.16%"
"Feb 26, 2018","25,709.27","25,403.35","25,732.80","25,398.56","473.36M","1.58%"
"Feb 23, 2018","25,309.99","25,050.51","25,313.91","25,028.73","335.42M","1.39%"
"Feb 22, 2018","24,962.48","24,855.41","25,156.72","24,854.83","378.90M","0.66%"
"Feb 21, 2018","24,797.78","24,988.06","25,267.99","24,792.99","456.06M","-0.67%"
"Feb 20, 2018","24,964.75","25,124.91","25,179.01","24,884.19","421.51M","-1.01%"
"Feb 16, 2018","25,219.38","25,165.94","25,432.42","25,149.26","406.73M","0.08%"
"Feb 15, 2018","25,200.37","25,047.82","25,203.95","24,809.42","416.78M","1.23%"
"Feb 14, 2018","24,893.49","24,535.82","24,925.95","24,490.36","431.16M","1.03%"
"Feb 13, 2018","24,640.45","24,540.33","24,705.72","24,421.03","374.41M","0.16%"
"Feb 12, 2018","24,601.27","24,337.76","24,765.16","24,290.48","496.61M","1.70%"
"Feb 09, 2018","24,190.90","23,992.67","24,382.14","23,360.29","735.03M","1.38%"
"Feb 08, 2018","23,860.46","24,902.30","24,903.68","23,849.23","657.50M","-4.15%"
"Feb 07, 2018","24,893.35","24,892.87","25,293.96","24,785.44","504.62M","-0.08%"
"Feb 06, 2018","24,912.77","24,085.17","24,946.23","23,778.74","823.94M","2.33%"
"Feb 05, 2018","24,345.75","25,337.87","25,520.53","23,923.88","714.45M","-4.60%"
"Feb 02, 2018","25,520.96","26,061.79","26,061.79","25,490.66","522.88M","-2.54%"
"Feb 01, 2018","26,186.71","26,083.04","26,306.70","26,014.44","410.62M","0.14%"
"Jan 31, 2018","26,149.39","26,268.17","26,338.03","26,050.98","479.13M","0.28%"
"Jan 30, 2018","26,076.89","26,198.45","26,256.99","26,028.42","448.33M","-1.37%"
"Jan 29, 2018","26,439.48","26,584.28","26,608.90","26,435.34","421.00M","-0.67%"
"Jan 26, 2018","26,616.71","26,466.74","26,616.71","26,425.35","477.78M","0.85%"
"Jan 25, 2018","26,392.79","26,313.06","26,458.25","26,259.72","401.39M","0.54%"
"Jan 24, 2018","26,252.12","26,282.07","26,392.80","26,106.94","518.79M","0.16%"
"Jan 23, 2018","26,210.81","26,214.87","26,246.19","26,143.90","433.49M","-0.01%"
"Jan 22, 2018","26,214.60","26,025.32","26,215.23","25,974.65","431.20M","0.55%"
"Jan 19, 2018","26,071.72","25,987.35","26,071.72","25,942.83","585.00M","0.21%"
"Jan 18, 2018","26,017.81","26,149.55","26,153.42","25,947.32","492.78M","-0.37%"
"Jan 17, 2018","26,115.65","25,910.78","26,130.45","25,865.02","522.72M","1.25%"
"Jan 16, 2018","25,792.86","25,987.62","26,086.12","25,702.99","606.52M","-0.04%"
"Jan 12, 2018","25,803.19","25,638.39","25,810.43","25,633.08","376.40M","0.89%"
"Jan 11, 2018","25,574.73","25,398.60","25,575.42","25,396.19","346.83M","0.81%"
"Jan 10, 2018","25,369.13","25,348.13","25,404.92","25,256.99","341.47M","-0.07%"
"Jan 09, 2018","25,385.80","25,312.05","25,439.78","25,308.41","333.49M","0.41%"
"Jan 08, 2018","25,283.00","25,308.40","25,311.99","25,235.41","341.39M","-0.05%"
"Jan 05, 2018","25,295.87","25,114.92","25,299.79","25,112.01","358.02M","0.88%"
"Jan 04, 2018","25,075.13","24,964.86","25,105.96","24,963.27","403.28M","0.61%"
"Jan 03, 2018","24,922.68","24,850.45","24,941.92","24,825.55","456.79M","0.40%"
"Jan 02, 2018","24,824.01","24,809.35","24,864.19","24,741.70","341.13M","0.42%"
"Dec 29, 2017","24,719.22","24,849.63","24,871.66","24,719.22","270.76M","-0.48%"
"Dec 28, 2017","24,837.51","24,807.21","24,839.23","24,797.13","200.96M","0.26%"
"Dec 27, 2017","24,774.30","24,766.52","24,789.52","24,731.68","225.89M","0.11%"
"Dec 26, 2017","24,746.21","24,715.84","24,778.13","24,708.42","208.29M","-0.03%"
"Dec 22, 2017","24,754.06","24,764.04","24,784.15","24,717.51","255.14M","-0.11%"
"Dec 21, 2017","24,782.29","24,778.26","24,850.91","24,766.27","339.53M","0.23%"
"Dec 20, 2017","24,726.65","24,838.09","24,852.44","24,697.11","341.79M","-0.11%"
"Dec 19, 2017","24,754.75","24,834.38","24,850.11","24,715.60","335.33M","-0.15%"
"Dec 18, 2017","24,792.20","24,739.56","24,876.07","24,739.56","354.88M","0.57%"
"Dec 15, 2017","24,651.74","24,585.71","24,688.62","24,584.44","635.74M","0.58%"
"Dec 14, 2017","24,508.66","24,631.01","24,672.48","24,508.66","314.78M","-0.31%"
"Dec 13, 2017","24,585.43","24,525.19","24,666.02","24,518.30","325.28M","0.33%"
"Dec 12, 2017","24,504.80","24,452.96","24,552.97","24,443.83","342.22M","0.49%"
"Dec 11, 2017","24,386.03","24,338.11","24,389.72","24,314.74","300.58M","0.23%"
"Dec 08, 2017","24,329.16","24,263.26","24,330.12","24,225.50","293.59M","0.49%"
"Dec 07, 2017","24,211.48","24,116.60","24,262.88","24,101.24","319.06M","0.29%"
"Dec 06, 2017","24,140.91","24,157.85","24,229.19","24,134.49","312.72M","-0.16%"
"Dec 05, 2017","24,180.64","24,335.01","24,349.74","24,155.28","371.19M","-0.45%"
"Dec 04, 2017","24,290.05","24,424.11","24,534.04","24,288.19","424.25M","0.24%"
"Dec 01, 2017","24,231.59","24,305.40","24,322.06","23,921.90","417.91M","-0.17%"
"Nov 30, 2017","24,272.35","24,013.80","24,327.82","24,013.80","488.20M","1.39%"
"Nov 29, 2017","23,940.68","23,883.26","23,959.76","23,872.59","401.41M","0.44%"
"Nov 28, 2017","23,836.71","23,625.19","23,849.61","23,617.11","319.24M","1.09%"
"Nov 27, 2017","23,580.78","23,552.86","23,638.92","23,545.02","296.32M","0.10%"
"Nov 24, 2017","23,557.99","23,552.75","23,599.18","23,551.59","118.61M","0.14%"
"Nov 22, 2017","23,526.18","23,597.24","23,605.77","23,507.61","268.76M","-0.27%"
"Nov 21, 2017","23,590.83","23,500.15","23,617.80","23,500.15","329.65M","0.69%"
"Nov 20, 2017","23,430.33","23,370.71","23,456.88","23,360.58","315.33M","0.31%"
"Nov 17, 2017","23,358.24","23,433.77","23,433.77","23,356.01","386.00M","-0.43%"
"Nov 16, 2017","23,458.36","23,365.34","23,492.19","23,365.34","402.02M","0.80%"
"Nov 15, 2017","23,271.28","23,334.59","23,344.99","23,242.75","404.30M","-0.59%"
"Nov 14, 2017","23,409.47","23,388.40","23,414.08","23,271.57","561.33M","-0.13%"
"Nov 13, 2017","23,439.70","23,367.47","23,461.68","23,343.34","491.26M","0.07%"
"Nov 10, 2017","23,422.21","23,432.71","23,452.20","23,392.96","351.28M","-0.17%"
"Nov 09, 2017","23,461.94","23,492.09","23,516.74","23,310.02","305.44M","-0.43%"
"Nov 08, 2017","23,563.36","23,542.60","23,575.00","23,510.56","264.67M","0.03%"
"Nov 07, 2017","23,557.23","23,574.03","23,602.12","23,484.19","285.08M","0.04%"
"Nov 06, 2017","23,548.42","23,533.96","23,574.86","23,520.75","325.18M","0.04%"
"Nov 03, 2017","23,539.19","23,549.59","23,557.06","23,481.57","312.26M","0.10%"
"Nov 02, 2017","23,516.26","23,463.24","23,531.38","23,350.98","348.04M","0.35%"
"Nov 01, 2017","23,435.01","23,442.90","23,517.71","23,388.91","361.26M","0.25%"
"Oct 31, 2017","23,377.24","23,369.22","23,406.35","23,334.39","388.05M","0.12%"
"Oct 30, 2017","23,348.74","23,405.75","23,428.75","23,327.87","436.90M","-0.36%"
"Oct 27, 2017","23,434.19","23,419.16","23,449.40","23,353.16","518.87M","0.14%"
"Oct 26, 2017","23,400.86","23,380.89","23,459.84","23,380.89","370.60M","0.31%"
"Oct 25, 2017","23,329.46","23,431.09","23,451.51","23,251.11","399.56M","-0.48%"
"Oct 24, 2017","23,441.76","23,346.78","23,485.25","23,343.23","406.85M","0.72%"
"Oct 23, 2017","23,273.96","23,348.95","23,368.37","23,273.96","456.83M","-0.23%"
"Oct 20, 2017","23,328.63","23,205.18","23,328.84","23,201.78","474.38M","0.71%"
"Oct 19, 2017","23,163.04","23,107.47","23,167.24","23,052.67","350.40M","0.02%"
"Oct 18, 2017","23,157.60","23,087.13","23,172.93","23,086.75","271.87M","0.70%"
"Oct 17, 2017","22,997.44","22,952.41","23,002.20","22,948.23","273.09M","0.18%"
"Oct 16, 2017","22,956.96","22,892.92","22,960.12","22,887.12","247.18M","0.37%"
"Oct 13, 2017","22,871.72","22,876.43","22,905.33","22,855.93","259.56M","0.13%"
"Oct 12, 2017","22,841.01","22,854.85","22,884.82","22,821.13","291.79M","-0.14%"
"Oct 11, 2017","22,872.89","22,827.65","22,872.89","22,821.66","316.00M","0.18%"
"Oct 10, 2017","22,830.68","22,784.76","22,850.51","22,770.99","319.27M","0.31%"
"Oct 09, 2017","22,761.07","22,779.73","22,803.37","22,739.38","310.77M","-0.06%"
"Oct 06, 2017","22,773.67","22,762.03","22,773.67","22,730.85","221.45M","-0.01%"
"Oct 05, 2017","22,775.39","22,669.08","22,777.04","22,655.14","246.40M","0.50%"
"Oct 04, 2017","22,661.64","22,645.67","22,685.94","22,632.80","235.73M","0.09%"
"Oct 03, 2017","22,641.67","22,564.45","22,646.32","22,562.90","238.83M","0.37%"
"Oct 02, 2017","22,557.60","22,423.47","22,559.38","22,416.00","268.53M","0.68%"
"Sep 29, 2017","22,405.09","22,358.47","22,405.63","22,332.96","274.79M","0.11%"
"Sep 28, 2017","22,381.20","22,306.83","22,394.74","22,288.97","263.02M","0.18%"
"Sep 27, 2017","22,340.71","22,330.93","22,371.10","22,254.93","342.90M","0.25%"
"Sep 26, 2017","22,284.32","22,322.03","22,369.35","22,279.52","285.99M","-0.05%"
"Sep 25, 2017","22,296.09","22,320.47","22,359.88","22,219.11","332.44M","-0.24%"
"Sep 22, 2017","22,349.59","22,334.07","22,364.31","22,299.58","297.14M","-0.04%"
"Sep 21, 2017","22,359.23","22,414.02","22,419.51","22,356.55","287.39M","-0.24%"
"Sep 20, 2017","22,412.59","22,351.38","22,413.26","22,314.68","334.56M","0.19%"
"Sep 19, 2017","22,370.80","22,349.70","22,386.01","22,340.71","295.57M","0.18%"
"Sep 18, 2017","22,331.35","22,297.92","22,355.62","22,283.35","302.74M","0.28%"
"Sep 15, 2017","22,268.34","22,252.44","22,275.02","22,214.52","527.54M","0.29%"
"Sep 14, 2017","22,203.48","22,144.96","22,216.44","22,135.26","297.78M","0.20%"
"Sep 13, 2017","22,158.18","22,103.47","22,158.18","22,095.79","291.89M","0.18%"
"Sep 12, 2017","22,118.86","22,090.56","22,134.57","22,087.09","364.58M","0.28%"
"Sep 11, 2017","22,057.37","21,927.79","22,067.10","21,927.79","312.77M","1.19%"
"Sep 08, 2017","21,797.79","21,764.43","21,846.63","21,731.12","289.40M","0.06%"
"Sep 07, 2017","21,784.78","21,820.38","21,850.01","21,745.71","333.81M","-0.10%"
"Sep 06, 2017","21,807.64","21,815.76","21,849.24","21,794.07","318.76M","0.25%"
"Sep 05, 2017","21,753.31","21,912.37","21,921.09","21,709.63","332.84M","-1.07%"
"Sep 01, 2017","21,987.56","21,981.77","22,038.97","21,974.91","256.24M","0.18%"
"Aug 31, 2017","21,948.10","21,936.01","21,985.76","21,910.50","376.79M","0.25%"
"Aug 30, 2017","21,892.43","21,859.76","21,914.26","21,839.47","242.84M","0.12%"
"Aug 29, 2017","21,865.37","21,718.00","21,879.22","21,673.58","227.34M","0.26%"
"Aug 28, 2017","21,808.40","21,832.50","21,861.49","21,767.94","218.74M","-0.02%"
"Aug 25, 2017","21,813.67","21,819.08","21,906.86","21,812.81","217.56M","0.14%"
"Aug 24, 2017","21,783.40","21,839.90","21,870.11","21,765.82","228.48M","-0.13%"
"Aug 23, 2017","21,812.09","21,850.27","21,866.66","21,808.39","234.81M","-0.40%"
"Aug 22, 2017","21,899.89","21,739.78","21,912.83","21,738.13","244.98M","0.90%"
"Aug 21, 2017","21,703.75","21,671.36","21,718.74","21,600.34","277.88M","0.13%"
"Aug 18, 2017","21,674.51","21,724.88","21,793.35","21,641.63","309.07M","-0.35%"
"Aug 17, 2017","21,750.73","21,984.74","21,984.74","21,750.32","311.03M","-1.24%"
"Aug 16, 2017","22,024.87","22,031.93","22,085.71","22,002.47","264.92M","0.12%"
"Aug 15, 2017","21,998.99","22,029.91","22,038.92","21,971.48","269.07M","0.02%"
"Aug 14, 2017","21,993.71","21,945.64","22,019.23","21,945.64","235.03M","0.62%"
"Aug 11, 2017","21,858.32","21,883.32","21,911.09","21,842.74","237.80M","0.07%"
"Aug 10, 2017","21,844.01","21,988.20","21,988.20","21,843.94","303.31M","-0.93%"
"Aug 09, 2017","22,048.70","22,022.34","22,057.19","21,996.69","277.80M","-0.17%"
"Aug 08, 2017","22,085.34","22,095.14","22,179.11","22,057.29","262.00M","-0.15%"
"Aug 07, 2017","22,118.42","22,100.20","22,121.15","22,081.97","213.01M","0.12%"
"Aug 04, 2017","22,092.81","22,058.39","22,092.81","22,024.64","253.64M","0.30%"
"Aug 03, 2017","22,026.10","22,007.58","22,044.85","21,991.32","278.73M","0.04%"
"Aug 02, 2017","22,016.24","22,004.36","22,036.10","21,967.46","336.82M","0.24%"
"Aug 01, 2017","21,963.92","21,961.42","21,990.96","21,940.81","328.41M","0.33%"
"Jul 31, 2017","21,891.12","21,863.39","21,929.80","21,861.71","307.61M","0.28%"
"Jul 28, 2017","21,830.31","21,787.51","21,841.18","21,756.12","285.64M","0.15%"
"Jul 27, 2017","21,796.55","21,717.42","21,798.47","21,687.85","407.32M","0.39%"
"Jul 26, 2017","21,711.01","21,690.38","21,742.70","21,683.29","278.24M","0.45%"
"Jul 25, 2017","21,613.43","21,638.56","21,670.62","21,577.37","304.30M","0.47%"
"Jul 24, 2017","21,513.17","21,577.78","21,577.78","21,496.13","284.08M","-0.31%"
"Jul 21, 2017","21,580.07","21,591.72","21,592.61","21,503.78","362.83M","-0.15%"
"Jul 20, 2017","21,611.78","21,641.54","21,661.91","21,576.96","313.95M","-0.13%"
"Jul 19, 2017","21,640.75","21,569.25","21,640.75","21,565.84","253.04M","0.31%"
"Jul 18, 2017","21,574.73","21,589.94","21,589.94","21,471.14","251.11M","-0.25%"
"Jul 17, 2017","21,629.72","21,633.97","21,661.81","21,617.66","244.78M","-0.04%"
"Jul 14, 2017","21,637.74","21,532.77","21,681.53","21,521.72","235.59M","0.39%"
"Jul 13, 2017","21,553.09","21,537.19","21,568.72","21,512.36","232.27M","0.10%"
"Jul 12, 2017","21,532.14","21,467.93","21,580.79","21,467.93","267.87M","0.57%"
"Jul 11, 2017","21,409.07","21,410.17","21,441.62","21,279.30","247.57M","0.00%"
"Jul 10, 2017","21,408.52","21,381.23","21,446.39","21,371.11","270.34M","-0.03%"
"Jul 07, 2017","21,414.34","21,354.66","21,425.82","21,350.72","242.24M","0.44%"
"Jul 06, 2017","21,320.04","21,423.93","21,433.10","21,305.38","320.45M","-0.74%"
"Jul 05, 2017","21,478.17","21,492.83","21,505.36","21,404.76","273.69M","-0.01%"
"Jul 03, 2017","21,479.27","21,392.30","21,562.75","21,391.71","186.81M","0.61%"
"Jun 30, 2017","21,349.63","21,348.60","21,426.12","21,325.08","313.26M","0.29%"
"Jun 29, 2017","21,287.03","21,487.38","21,487.38","21,197.08","336.75M","-0.78%"
"Jun 28, 2017","21,454.61","21,372.36","21,478.75","21,372.36","271.51M","0.68%"
"Jun 27, 2017","21,310.66","21,411.19","21,440.60","21,310.66","292.17M","-0.46%"
"Jun 26, 2017","21,409.55","21,434.68","21,506.21","21,381.25","241.88M","0.07%"
"Jun 23, 2017","21,394.76","21,380.92","21,421.79","21,333.89","368.40M","-0.01%"
"Jun 22, 2017","21,397.29","21,407.98","21,456.47","21,394.81","270.68M","-0.06%"
"Jun 21, 2017","21,410.03","21,466.39","21,492.62","21,390.00","292.50M","-0.27%"
"Jun 20, 2017","21,467.14","21,521.25","21,535.03","21,464.24","310.20M","-0.29%"
"Jun 19, 2017","21,528.99","21,444.75","21,528.99","21,436.08","289.40M","0.68%"
"Jun 16, 2017","21,384.28","21,335.93","21,384.42","21,308.01","603.26M","0.11%"
"Jun 15, 2017","21,359.90","21,291.69","21,367.28","21,261.87","317.20M","-0.07%"
"Jun 14, 2017","21,374.56","21,342.71","21,391.97","21,294.09","295.09M","0.22%"
"Jun 13, 2017","21,328.47","21,256.83","21,332.77","21,256.83","323.51M","0.44%"
"Jun 12, 2017","21,235.67","21,259.95","21,277.08","21,186.15","528.08M","-0.17%"
"Jun 09, 2017","21,271.97","21,208.96","21,305.35","21,159.45","397.20M","0.42%"
"Jun 08, 2017","21,182.53","21,169.76","21,265.69","21,138.16","330.33M","0.04%"
"Jun 07, 2017","21,173.69","21,171.57","21,189.84","21,113.31","273.40M","0.18%"
"Jun 06, 2017","21,136.23","21,145.48","21,180.47","21,118.46","283.55M","-0.23%"
"Jun 05, 2017","21,184.04","21,195.03","21,224.41","21,168.69","269.80M","-0.10%"
"Jun 02, 2017","21,206.29","21,142.09","21,225.04","21,129.56","329.70M","0.29%"
"Jun 01, 2017","21,144.18","21,030.55","21,144.18","20,994.22","276.74M","0.65%"
"May 31, 2017","21,008.65","21,048.46","21,051.70","20,942.57","371.58M","-0.10%"
"May 30, 2017","21,029.47","21,045.49","21,063.62","21,009.60","242.81M","-0.24%"
"May 26, 2017","21,080.28","21,070.15","21,092.82","21,050.49","208.00M","-0.01%"
"May 25, 2017","21,082.95","21,062.96","21,112.32","21,051.41","268.97M","0.34%"
"May 24, 2017","21,012.42","20,949.21","21,022.82","20,933.58","283.18M","0.36%"
"May 23, 2017","20,937.91","20,908.67","20,961.14","20,896.22","244.95M","0.21%"
"May 22, 2017","20,894.83","20,867.77","20,914.26","20,860.16","276.12M","0.43%"
"May 19, 2017","20,804.84","20,698.28","20,857.13","20,687.94","365.18M","0.69%"
"May 18, 2017","20,663.02","20,579.65","20,759.20","20,553.45","422.59M","0.27%"
"May 17, 2017","20,606.93","20,846.17","20,846.17","20,601.08","423.20M","-1.78%"
"May 16, 2017","20,979.75","20,984.48","21,033.53","20,932.88","311.58M","-0.01%"
"May 15, 2017","20,981.94","20,923.63","21,000.83","20,923.63","313.17M","0.41%"
"May 12, 2017","20,896.61","20,893.19","20,916.10","20,869.74","288.50M","-0.11%"
"May 11, 2017","20,919.42","20,925.72","20,933.36","20,798.90","287.68M","-0.11%"
"May 10, 2017","20,943.11","20,958.49","20,976.28","20,884.15","283.34M","-0.16%"
"May 09, 2017","20,975.78","21,022.28","21,046.85","20,938.04","273.00M","-0.17%"
"May 08, 2017","21,012.28","20,991.26","21,017.89","20,971.05","276.15M","0.03%"
"May 05, 2017","21,006.94","20,929.04","21,006.94","20,905.00","260.96M","0.26%"
"May 04, 2017","20,951.47","20,987.83","20,990.79","20,847.95","274.72M","-0.03%"
"May 03, 2017","20,957.90","20,915.00","20,972.74","20,874.18","310.92M","0.04%"
"May 02, 2017","20,949.89","20,941.19","20,960.92","20,904.06","338.81M","0.17%"
"May 01, 2017","20,913.46","20,962.73","20,976.62","20,898.38","288.16M","-0.13%"
"Apr 28, 2017","20,940.51","20,987.39","20,987.76","20,926.75","329.99M","-0.19%"
"Apr 27, 2017","20,981.33","20,991.12","21,005.80","20,935.80","305.69M","0.03%"
"Apr 26, 2017","20,975.09","21,009.95","21,070.90","20,972.27","328.55M","-0.10%"
"Apr 25, 2017","20,996.12","20,915.51","21,026.97","20,909.38","348.18M","1.12%"
"Apr 24, 2017","20,763.89","20,723.59","20,792.20","20,723.59","342.40M","1.05%"
"Apr 21, 2017","20,547.76","20,578.10","20,601.40","20,505.33","369.60M","-0.15%"
"Apr 20, 2017","20,578.71","20,406.68","20,629.78","20,406.68","312.44M","0.85%"
"Apr 19, 2017","20,404.49","20,503.52","20,546.69","20,379.55","294.79M","-0.58%"
"Apr 18, 2017","20,523.28","20,561.39","20,600.12","20,462.28","263.18M","-0.55%"
"Apr 17, 2017","20,636.92","20,484.75","20,644.41","20,484.75","229.24M","0.90%"
"Apr 13, 2017","20,453.25","20,561.69","20,612.27","20,453.25","235.81M","-0.67%"
"Apr 12, 2017","20,591.86","20,637.95","20,642.54","20,553.03","267.67M","-0.29%"
"Apr 11, 2017","20,651.30","20,644.32","20,660.03","20,512.56","255.12M","-0.03%"
"Apr 10, 2017","20,658.02","20,668.22","20,750.33","20,614.86","230.48M","0.01%"
"Apr 07, 2017","20,656.10","20,647.81","20,726.07","20,606.95","219.73M","-0.03%"
"Apr 06, 2017","20,662.95","20,653.77","20,746.46","20,612.17","251.72M","0.07%"
"Apr 05, 2017","20,648.15","20,745.06","20,887.50","20,639.55","284.98M","-0.20%"
"Apr 04, 2017","20,689.24","20,634.94","20,701.29","20,605.30","237.39M","0.19%"
"Apr 03, 2017","20,650.21","20,665.17","20,692.34","20,517.82","285.68M","-0.06%"
"Mar 31, 2017","20,663.22","20,700.34","20,722.59","20,660.68","303.77M","-0.31%"
"Mar 30, 2017","20,728.49","20,662.79","20,753.78","20,643.60","270.90M","0.33%"
"Mar 29, 2017","20,659.32","20,675.75","20,684.73","20,625.03","238.32M","-0.20%"
"Mar 28, 2017","20,701.50","20,542.14","20,735.61","20,520.10","299.67M","0.73%"
"Mar 27, 2017","20,550.98","20,488.35","20,578.46","20,412.80","269.38M","-0.22%"
"Mar 24, 2017","20,596.72","20,674.45","20,718.33","20,529.67","292.98M","-0.29%"
"Mar 23, 2017","20,656.58","20,645.07","20,757.89","20,618.62","280.05M","-0.02%"
"Mar 22, 2017","20,661.30","20,640.42","20,686.21","20,578.95","325.09M","-0.03%"
"Mar 21, 2017","20,668.01","20,956.33","20,970.04","20,653.26","369.32M","-1.14%"
"Mar 20, 2017","20,905.86","20,916.27","20,955.45","20,885.70","253.61M","-0.04%"
"Mar 17, 2017","20,914.62","20,965.37","20,980.51","20,911.07","535.28M","-0.10%"
"Mar 16, 2017","20,934.55","20,969.27","21,000.11","20,893.50","264.36M","-0.07%"
"Mar 15, 2017","20,950.10","20,874.78","20,977.47","20,859.60","306.59M","0.54%"
"Mar 14, 2017","20,837.37","20,848.60","20,874.00","20,786.31","246.82M","-0.21%"
"Mar 13, 2017","20,881.48","20,899.28","20,926.06","20,845.71","289.26M","-0.10%"
"Mar 10, 2017","20,902.98","20,919.01","20,940.29","20,827.66","315.43M","0.21%"
"Mar 09, 2017","20,858.19","20,864.32","20,900.57","20,777.16","275.96M","0.01%"
"Mar 08, 2017","20,855.73","20,940.44","20,951.44","20,835.58","296.78M","-0.33%"
"Mar 07, 2017","20,924.76","20,934.89","20,970.54","20,901.26","274.63M","-0.14%"
"Mar 06, 2017","20,954.34","20,955.71","20,986.43","20,912.11","266.62M","-0.24%"
"Mar 03, 2017","21,005.71","21,008.75","21,039.96","20,953.86","254.42M","0.01%"
"Mar 02, 2017","21,002.97","21,128.91","21,129.20","20,996.61","319.91M","-0.53%"
"Mar 01, 2017","21,115.55","20,957.29","21,169.11","20,957.29","392.82M","1.46%"
"Feb 28, 2017","20,812.24","20,833.88","20,841.24","20,781.21","339.21M","-0.12%"
"Feb 27, 2017","20,837.44","20,808.71","20,851.33","20,774.76","256.54M","0.08%"
"Feb 24, 2017","20,821.76","20,751.91","20,821.76","20,733.95","292.54M","0.05%"
"Feb 23, 2017","20,810.32","20,817.21","20,840.70","20,746.41","302.11M","0.17%"
"Feb 22, 2017","20,775.60","20,715.41","20,781.59","20,692.39","310.53M","0.16%"
"Feb 21, 2017","20,743.00","20,663.43","20,757.64","20,663.37","336.88M","0.58%"
"Feb 17, 2017","20,624.05","20,564.13","20,624.05","20,532.61","340.62M","0.02%"
"Feb 16, 2017","20,619.77","20,627.31","20,639.87","20,556.83","354.12M","0.04%"
"Feb 15, 2017","20,611.86","20,504.27","20,620.45","20,496.03","384.38M","0.52%"
"Feb 14, 2017","20,504.41","20,374.22","20,504.41","20,374.02","356.58M","0.45%"
"Feb 13, 2017","20,412.16","20,338.54","20,441.48","20,322.95","314.62M","0.70%"
"Feb 10, 2017","20,269.37","20,211.23","20,298.21","20,204.76","312.23M","0.48%"
"Feb 09, 2017","20,172.40","20,061.73","20,206.36","20,061.73","325.31M","0.59%"
"Feb 08, 2017","20,054.34","20,049.29","20,068.28","20,015.33","280.41M","-0.18%"
"Feb 07, 2017","20,090.29","20,107.62","20,155.35","20,068.68","279.67M","0.19%"
"Feb 06, 2017","20,052.42","20,025.61","20,094.95","20,002.81","281.72M","-0.09%"
"Feb 03, 2017","20,071.46","19,964.21","20,081.48","19,964.21","344.22M","0.94%"
"Feb 02, 2017","19,884.91","19,858.34","19,922.75","19,831.09","347.22M","-0.03%"
"Feb 01, 2017","19,890.94","19,923.81","19,967.73","19,845.99","426.67M","0.14%"
"Jan 31, 2017","19,864.09","19,913.16","19,918.17","19,784.77","373.75M","-0.54%"
"Jan 30, 2017","19,971.13","20,028.62","20,028.62","19,870.39","317.28M","-0.61%"
"Jan 27, 2017","20,093.78","20,103.36","20,115.97","20,072.64","343.13M","-0.04%"
"Jan 26, 2017","20,100.91","20,076.25","20,125.58","20,067.53","356.73M","0.16%"
"Jan 25, 2017","20,068.51","19,994.48","20,082.00","19,994.48","372.24M","0.78%"
"Jan 24, 2017","19,912.71","19,794.68","19,949.24","19,786.71","374.46M","0.57%"
"Jan 23, 2017","19,799.85","19,794.79","19,833.98","19,732.36","326.69M","-0.14%"